Name,chr,pos,strand,Name,AddressA,AddressB,ProbeSeqA,ProbeSeqB,Type,NextBase,Color,Probe_rs,Probe_maf,CpG_rs,CpG_maf,SBE_rs,SBE_maf,Islands_Name,Relation_to_Island,Forward_Sequence,SourceSeq,Random_Loci,Methyl27_Loci,UCSC_RefGene_Name,UCSC_RefGene_Accession,UCSC_RefGene_Group,Phantom,DMR,Enhancer,HMM_Island,Regulatory_Feature_Name,Regulatory_Feature_Group,DHS
cg13729887,chr20,48808906,-,cg13729887,16635385,,ATACAAATAAATAATAAACTCTCTACTTCTCCCTCTACCCCTCTCCAAAC,,II,,,,,,,,,chr20:48806598-48809022,Island,AACGTCTATGTGTACAGATGAATGATAAACTCTCTGCTTCTCCCTCTGCCCCTCTCCAGG[CG]CCGGCGGGCGGGCCGGTTTCGAAGTTGATGCAATCGGTTTAAACATGGCTGAACGCGTGT,TACAGATGAATGATAAACTCTCTGCTTCTCCCTCTGCCCCTCTCCAGGCG,,,CEBPB;CEBPB,NM_005194;NM_005194,3'UTR;1stExon,,,,20:48242313-48242414,,,
cg13249591,chr1,151966892,+,cg13249591,29667420,,CCTATTCAACAAAAAATTTATAACRCCCCTAAATACTAACAAACCAAACC,,II,,,,,,,,,chr1:151966632-151966893,Island,CACCTCCCCAGAAGCCGGGCTTCCCGCCCCACCGGCCCGCGAGGTGCCGCAGGGAGGGTG[CG]GTTTGGCTTGTCAGCACCCAGGGGCGTCACAAACCCTTTGTTGAACAGGGGATTTACCCC,CTGTTCAACAAAGGGTTTGTGACGCCCCTGGGTGCTGACAAGCCAAACCG,,,S100A10,NM_002966,TSS200,,,,,1:151965273-151967090,Promoter_Associated_Cell_type_specific,
cg27100511,chr14,105927968,-,cg27100511,66669416,,AAAAAACCRAAACACAACRAAATAACTAATATCTAATAAAAACACCATCC,,II,,,rs8005552,0.177983,,,,,chr14:105930242-105931512,N_Shelf,GAGGAGCCCCAAAGGGGCCGGGACACAGCGGGGTGGCTAGTATCTGATGAAAGCACCATC[CG]GGCAGCAGCGCACAGGCCAGCGCAGCAGAGGCTGGAGACGCATCTGGAATTCGGAAGAAA,AGGGGCCGGGACACAGCGGGGTGGCTAGTATCTGATGAAAGCACCATCCG,,,MTA1,NM_004689,Body,,,,,14:105927821-105928189,Gene_Associated_Cell_type_specific,
cg24330485,chr2,207023983,+,cg24330485,61633378,,TACRTCRACCAAAAACTTATTTATTAACRAAACTATTTCCTTTAACCCAC,,II,,,,,,,,,chr2:207023910-207024981,Island,GCTTCCGAGGCGGCGGGGCGGGAGGCGGCGCCCAGTCAAGGACAACAGAAGACTACGTCG[CG]TGGGCCAAAGGAAACAGTCCCGTCAATAAATAAGCCTCTGGCCGACGCACCTCACCCTTC,GCGTCGGCCAGAGGCTTATTTATTGACGGGACTGTTTCCTTTGGCCCACG,,True,EEF1B2;EEF1B2;EEF1B2;NDUFS1,NM_001037663;NM_001959;NM_021121;NM_005006,TSS1500;TSS1500;TSS1500;5'UTR,,,,2:206731919-206732658,,,
cg25073705,chr11,1008290,-,cg25073705,33684510,65684394.0,ATACAAATACTCACAATACATAAATACAACCTAAACTATTACTACCCCCA,GTACGAATACTCACGATACATAAATACGACCTAAACTATTACTACCCCCG,I,A,Red,,,,,,,chr11:1007921-1008343,Island,GGGACCCGGGGCGTGCGGGTGCTCACGGTGCATGGATGCGGCCTGAGCTATTGCTGCCCC[CG]GCTCTGCAGAGCGCAGGAAACAAGGGGAGGCGGAGCCCTGGGCTCCGGGACGGCAGGTGG,CGGGGGCAGCAATAGCTCAGGCCGCATCCATGCACCGTGAGCACCCGCAC,,,AP2A2,NM_012305,Body,,,,11:997863-998518,11:1008175-1008473,Unclassified_Cell_type_specific,
cg25117345,chr3,23932602,+,cg25117345,66787504,,CCTAATTCAAACCTTTTTTAAACAAAATAAATTAACATATAAAATAAAAC,,II,,,rs35833382,0.01087,,,,,,OpenSea,CATCTCATATATATAAAATGGACACGTGGCTATAAAACACCATATAAGAGATGAGTAGTG[CG]TTTTATTTTATATGCCAATCTACTTTGTTTAAAAAAGGTCTGAATCAGGACTTGTGAAAA,CTGATTCAGACCTTTTTTAAACAAAGTAGATTGGCATATAAAATAAAACG,,,UBE2E1;UBE2E1,NM_003341;NM_182666,3'UTR;3'UTR,,,,,,,
cg25736982,chr6,160182554,+,cg25736982,42624311,,ACAACTCTAATAAATCCTTTTACTCTCRACRACTTCRAAAAATCCTATAC,,II,,,,,,,,,chr6:160182429-160183770,Island,TCGCACCGAGACGCTCCTAGCAAGCCCCTCACGCGAGCGAATGACTGGCGCCAGGAGAAA[CG]CATAGGACCTCCCGAAGCCGCCGAGAGCAAAAGGACCCATCAGAGCTGTGCTGAGACCCG,CGCATAGGACCTCCCGAAGCCGCCGAGAGCAAAAGGACCCATCAGAGCTG,,,ACAT2,NM_005891,TSS1500,,,,6:160102434-160102665,6:160182298-160183995,Promoter_Associated,
cg17128996,chr17,76921031,+,cg17128996,49731322,59726491.0,CCAATACACCCACAACAAACATTTTACAATACAAATATAAATAAAAAACA,CCGATACACCCGCAACAAACGTTTTACAATACAAATATAAATAAAAAACG,I,A,Red,,,,,,,chr17:76920684-76921961,Island,GCGTCTGCGAACCCTCGGGGTCGCGGGGGAGGTGGGGCCCCGCGCGGGGGCTGGGGTCGC[CG]CTCCTTACCTACATCTGCATTGCAAAACGCCTGTTGCGGGTGCACCGGGGAGCAGCTGCA,CCGGTGCACCCGCAACAGGCGTTTTGCAATGCAGATGTAGGTAAGGAGCG,,,TIMP2,NM_003255,Body,high-CpG:74432320-74433149,,,17:74432280-74433492,,,
cg23670599,chr15,60884729,+,cg23670599,59792467,55737396.0,CAACCAATCACATAAAACCTCTTATAACTCAAAATAACTCTCAACAAACA,CAACCGATCACATAAAACCTCTTATAACTCGAAATAACTCTCGACGAACG,I,A,Red,,,,,,,chr15:60883298-60885350,Island,CCCCTCTGCCGCCGCCGCGCCGCCGCCGCCCGAGCCACAGCAGCAGCTGCCGCAGCTGCC[CG]CCCGCCGAGAGCCATCCCGAGCCATAAGAGGCTCCATGTGACCGGCTGACATCACGGCCG,CGCCCGCCGAGAGCCATCCCGAGCCATAAGAGGCTCCATGTGACCGGCTG,,,RORA;RORA;RORA;RORA,NM_002943;NM_134262;NM_134261;NM_134260,Body;TSS200;Body;Body,high-CpG:58672002-58672062,,,15:58670532-58672768,15:60884360-60885233,Promoter_Associated,True
cg03322752,chr7,54824520,-,cg03322752,72740362,,CTAATTATCTTCCATAATACTTAACACAACAATAATTAAAAAATATAACC,,II,,,,,,,,,chr7:54826581-54827188,N_Shelf,CAAACTTCCTTCTAGTTATCTTCCATAATACTTAACACAGCAGTAATTAAAAAATATAAC[CG]CAATAATTTGTTTATGACAGTCTTCCTTGGTAAGAGTCTAAGCTCCATGACAGCAAGGAC,TAGTTATCTTCCATAATACTTAACACAGCAGTAATTAAAAAATATAACCG,,,SEC61G;SEC61G,NM_001012456;NM_014302,Body;Body,,,,,,,
cg24182333,chr10,73610570,+,cg24182333,61801314,,AAATCTTATAAAATAACCCCTTAAACAACTATATTATACCTATACTAAAC,,II,,,,,,,,,chr10:73610661-73611145,N_Shore,ACTGAAGCCAACGGCCAAAGTGTCCTGCGGGACGGGGCTCCAGCCCACCTCGATCACGTG[CG]CCCAGCACAGGCACAACACAGCTGCCCAAGGGGTCACCCTACAAGACTCACCCACCCCCA,CGCCCAGCACAGGCACAACACAGCTGCCCAAGGGGTCACCCTACAAGACT,,,PSAP;PSAP;PSAP,NM_002778;NM_001042465;NM_001042466,Body;Body;Body,,,,10:73280527-73281133,10:73610428-73611472,Promoter_Associated,
cg08280787,chr13,48575775,-,cg08280787,29795501,,CATCTATAAAATATATTTCATTCAAAAAATAATTACCCAATATCTACTTC,,II,,,,,,,,,chr13:48575080-48575575,S_Shore,CTCAGTTGCCTCATCTGTAAAATGTGTTTCATTCAAGAAATGATTACCCAGTGTCTACTT[CG]TGCTAAACAGCCTTGAGCCCTTGGCCTACAGCAATGAATAAAACCATTTGTGATGCTCAA,ATCTGTAAAATGTGTTTCATTCAAGAAATGATTACCCAGTGTCTACTTCG,,,SUCLA2,NM_003850,TSS1500,,,,,13:48574539-48576056,Promoter_Associated,
cg13450944,chr3,66533056,-,cg13450944,44808434,,CTTTCTCAAAAACAATAATACCRAAAATATTAAAAATCTACATATCCAAC,,II,,,,,,,,,,OpenSea,GTTGGCAGCCTCTTTCTCAGAGGCAGTGGTACCGAAAATATTAAGAATCTGCATATCCAG[CG]CTATCTGAATTGGGTAACTCATCCTAAGGAAATAAATGGCTAAACATTTATGCATAAGGA,CGCTGGATATGCAGATTCTTAATATTTTCGGTACCACTGCCTCTGAGAAA,,,LRIG1,NM_015541,Body,,,True,,,,
cg15298323,chr6,160182438,+,cg15298323,27651418,,CTACCTTCTAAAATCAACTCTAACTATAAACRAATAAAAACRCCRAAAAC,,II,,,,,,,,,chr6:160182429-160183770,Island,TTGTTACATGCTCCTTTCACTGTCCAAACGTCAACCAAAGGAACTTTTGTGACGCTAAGA[CG]CTCCCGGCGTCCTCACCCGTTCACAGCCAGAGTTGATCTTAGAAGGCAGGGGGCTCGCAC,CGCTCCCGGCGTCCTCACCCGTTCACAGCCAGAGTTGATCTTAGAAGGCA,,True,ACAT2,NM_005891,TSS1500,,,,,6:160182298-160183995,Promoter_Associated,
cg09309024,chr16,29837267,+,cg09309024,45620323,,ACCAAATAAAACTTTTTCCACTACTCCCTTAAAAAATTCTCCRCAAAACC,,II,,,,,,,,,,OpenSea,ATACCTCCGCTCACAGCCCCAGCCCTTCCTCTTCTCCCATCTGGTTTCCTGGCCAGGTTT[CG]GCCCTGCGGAGAACCCTCCAAGGGAGCAGTGGAAAAAGCTTCACTTGGCAGTAAAGCCCC,CGGCCCTGCGGAGAACCCTCCAAGGGAGCAGTGGAAAAAGCTTCACTTGG,,,MVP;MVP,NM_017458;NM_005115,5'UTR;5'UTR,,,True,,,,True
cg26534425,chr11,112034925,-,cg26534425,32748431,,ACTCCTTAAACCCRCCTTCAAACAAACTCTTTCCTAAAACAATAAAAATC,,II,,,,,,,,,,OpenSea,CTGCTGTCGGCACTCCTTGGGCCCGCCTTCAAACAGGCTCTTTCCTAGGGCAATGGAAGT[CG]AAATAAAGTGGCAGAGGATACGAGTACTTCTTTTAATGTAATATCACTATTTTCATGAAA,CGACTTCCATTGCCCTAGGAAAGAGCCTGTTTGAAGGCGGGCCCAAGGAG,,,IL18,NM_001562,TSS200,,,,,,,
cg06049295,chr4,3534276,+,cg06049295,17618429,57621312.0,ACCTAAAAAACACTTACACCTACACAAAACTTCCTAAACACTAAAATCCA,ACCTAAAAAACGCTTACGCCTACGCAAAACTTCCTAAACGCTAAAATCCG,I,C,Grn,,,,,,,chr4:3533643-3534788,Island,GCGCGGTCTCCTGGGAATTGTAGTTCCTCCGTGAGCGGCCGGCAGCGGCGAGGCCGCCGG[CG]GACTCCAGCGCCTAGGAAGCCCTGCGCAGGCGCAAGCGTTTCCCAGGCAACCACGCCGCG,GCCTGGGAAACGCTTGCGCCTGCGCAGGGCTTCCTAGGCGCTGGAGTCCG,,,LRPAP1,NM_002337,TSS200,,,,4:3503066-3504586,4:3533127-3535122,Promoter_Associated,
cg14773826,chr5,52855566,-,cg14773826,54623404,,TTTTTCTCTTTCTTTCTCCCTTTCCCTTATATACTAAATTTTCCTTTAAC,,II,,,,,,,,,chr5:52856665-52856870,N_Shore,CTGAGTATGACTTTTTCTCTTTCTTTCTCCCTTTCCCTTATGTACTGGGTTTTCCTTTAA[CG]GTCCATAATGCCAAACTATGTCATTCCCCATCCTCCTATTGTTCCTATTTATTTAATGAA,TTTTCTCTTTCTTTCTCCCTTTCCCTTATGTACTGGGTTTTCCTTTAACG,,,NDUFS4,NM_002495,TSS1500,,,,,,,
cg02067580,chr1,153606662,+,cg02067580,54759402,37724311.0,AAATAAACAATTAATTAAATACATAAACAATAATATACAAACTCAATTCA,AAATAAACGATTAATTAAATACGTAAACGATAATATACGAACTCAATTCG,I,T,Red,,,,,,,chr1:153606177-153606974,Island,AGGAAAGGGCAGGCCGGGTGAGCAGACGGATCGGCCGACTAGACAGCCAACCAGCAACAA[CG]AACTGAGCTCGCATACTACCGCTTACGCATCTAACCAACCGCCCATCTAGCTAACCCGAG,CGAACTGAGCTCGCATACTACCGCTTACGCATCTAACCAACCGCCCATCT,,,C1orf77;S100A13;C1orf77,NM_015607;NM_001024210;NM_015607,5'UTR;TSS200;1stExon,,,,1:151872752-151873579,1:153605976-153607238,NonGene_Associated,
cg11393847,chr20,30640002,-,cg11393847,61747473,54741382.0,ATCTAAATCTTCAAAAAAATATTAAAACACTTAAAACAAAATTAACCTCA,GTCTAAATCTTCGAAAAAATATTAAAACACTTAAAACGAAATTAACCTCG,I,C,Grn,,,,,,,chr20:30639908-30640786,Island,TCCTGGGGTGGCGTCTGAATCTTCGGGGAGGTGTTAGGACACTTGGGGCGGAGTTAGCCT[CG]CTCAGGGCGCGGCTAAGGCGCCCAGATGGCCTGCGGGCGCCACCACGTCCCTGGTCCCAG,GTCTGAATCTTCGGGGAGGTGTTAGGACACTTGGGGCGGAGTTAGCCTCG,,,HCK,NM_002110,TSS200,high-CpG:30103642-30103772,CDMR,,20:30103087-30104257,,,
cg01284709,chr11,104972078,-,cg01284709,56697333,,ACTCACATAAACCTCCACAAATACTAATAATAACTTCCAAAAAAACAAAC,,II,,,,,,,,,,OpenSea,CCCTCACTTTTGCTCACATAAACCTCCACAGATACTGATGATAGCTTCCAGAAGAGCAAG[CG]CCTTCCACAACTTTTTCCTCCCAGGGGCCTGTTTTTGGGACAGTAAAAGACTCACCGGCC,CTCACATAAACCTCCACAGATACTGATGATAGCTTCCAGAAGAGCAAGCG,,,CARD17;CASP1;CASP1;CASP1;CASP1;CASP1,NM_001007232;NM_001223;NM_033292;NM_033294;NM_033293;NM_033295,Body;Body;Body;Body;Body;Body,,,,,,,
cg08468679,chr1,228594648,-,cg08468679,29797456,18807320.0,TTTTTTTAAAACAACCCACTTTTACCTCCAATTAACCACTACCAATCACA,TTTTTTTAAAACAACCCGCTTTTACCTCCGATTAACCGCTACCAATCACG,I,C,Grn,,,,,,,chr1:228593811-228594713,Island,TTTTTTTTTTTTTTTTTTTGGAACAACCCGCTTTTGCCTCCGATTGGCCGCTGCCAGTCA[CG]CGGCCCGCGGGCGGGACGGAATTGGAGAGCTTTCACTTGCTGACCTGGCGTCACCACCGC,TTTTTTTGGAACAACCCGCTTTTGCCTCCGATTGGCCGCTGCCAGTCACG,,,TRIM11,NM_145214,TSS200,,,,1:226661251-226661630,1:228593452-228595244,Promoter_Associated,
cg20008734,chr11,321324,+,cg20008734,28613323,,TCCAACTACCTAAACACCACAATAAAAATTATAAAAAACRAAATTTCACC,,II,,,rs60016595,0.3342,,,,,chr11:318361-319052,S_Shelf,TTTGGGAGGCTGAGGTGGGAGGATCATGAGGTCAGGAGATCGAGACCATCCTGGCTGACA[CG]GTGAAACCCCGTCTCCCATAACCCTCACTGTGGTGCCCAGGCAGCTGGATTATCCCATTA,CGGTGAAACCCCGTCTCCCATAACCCTCACTGTGGTGCCCAGGCAGCTGG,,,IFITM3,NM_021034,TSS1500,,,,,,,
cg03861021,chr17,3539210,-,cg03861021,14643439,,ATTCTAAAACCAAACCTAAAAAATCATAAACACAACTACTACAAACAAAC,,II,,,rs111798650,0.043,,,,,chr17:3539318-3540484,N_Shore,AGGTGGGAAGGATTCTGGGACCAGACCTAAGGGATCATGAGCACAGCTGCTGCAGGCAGA[CG]GGCCCCTGGAGAAGCTGGGGACAAGCTGGAATAGAGACTTCATTGCGGGAAGGGCTGTCA,TTCTGGGACCAGACCTAAGGGATCATGAGCACAGCTGCTGCAGGCAGACG,,,SHPK;CTNS;CTNS,NM_013276;NM_001031681;NM_004937,Body;TSS1500;TSS1500,,,,,17:3539059-3540707,Promoter_Associated,
cg23441595,chr22,37273987,-,cg23441595,63637434,,AAAAACCTAAAAAAATAAACAAACTTCCTATCTTTAAAACTAATAAACCC,,II,,,,,,,,,,OpenSea,ATTGGGACCAGGAAAACCTGGGAGGATGGGCAGACTTCCTGTCTTTGAGGCTAATGGACC[CG]TGGGGCTTGTAATCTGTCTCTTTCTACTATTTACATCTGATTTAAATAAACCATTCCATC,CGGGTCCATTAGCCTCAAAGACAGGAAGTCTGCCCATCCTCCCAGGTTTT,,,NCF4;NCF4,NM_013416;NM_000631,3'UTR;3'UTR,,,,,,,
cg00706536,chr17,40609826,-,cg00706536,37650431,,ATACAAATAAAACCCCRTTAAAAACTCTACTACAAAATCTAAAACTAACC,,II,,,rs16967794,0.099312,,,,,chr17:40610746-40611032,N_Shore,TTTCCATACTTATGCAAATGAGACCCCGTTAAAGACTCTACTACAGGATCTAAAGCTAGC[CG]CTCCCCAGTCTGGGGCTCAAATGTTCTCATCTGTAAAATAAGGGAAAAGAGAAAGGGTGG,CGGCTAGCTTTAGATCCTGTAGTAGAGTCTTTAACGGGGTCTCATTTGCA,,True,ATP6V0A1;ATP6V0A1;ATP6V0A1,NM_001130021;NM_001130020;NM_005177,TSS1500;TSS1500;TSS1500,,,,,17:40609590-40609896,Unclassified_Cell_type_specific,
cg20681931,chr6,10723052,+,cg20681931,28660456,29662487.0,AAACCCAAAATTAAACCTAAAACTTACACAAACCAAACCACATAAACTCA,AAACCCGAAATTAAACCTAAAACTTACACAAACCGAACCACGTAAACTCG,I,A,Red,,,,,,,chr6:10723022-10723609,Island,CTTCAAAATCCAGCCTCAGATTCCCTGGTCCCGCAGCGGTGGCCTCACCTCTGGCGTGGC[CG]AGCTCACGTGGTCCGGCTTGTGCAAGTCCCAGGTCCAACTCCGGGTCTCCTGCTTTTGGC,AGACCCGGAGTTGGACCTGGGACTTGCACAAGCCGGACCACGTGAGCTCG,,,TMEM14C;TMEM14C,NM_001165258;NM_016462,TSS200;TSS200,,,,6:10831038-10831465,6:10722665-10723893,Promoter_Associated,
cg09900253,chr6,160186100,-,cg09900253,62753334,,AAAATAAACAATATTCATATCAAATAAAAATTCTCATTCTCATAAAACTC,,II,,,,,,,,,chr6:160182429-160183770,S_Shelf,TTTAGCAGCTGGAGATAAGCAATGTTCATATCAGATAGAAATTCTCATTCTCATGAAGCT[CG]TAGTATGCTAAATGCTAGCATTATTAATTGTGTTAGCACCTCATTTCTTTCTTTTTCTTT,CGAGCTTCATGAGAATGAGAATTTCTATCTGATATGAACATTGCTTATCT,,,ACAT2,NM_005891,Body,,,,,,,
cg11304234,chr11,112034801,-,cg11304234,53667369,,AAAAACAAAATACACTAAAAAACAATTCCTTACTAACTATCCAAACAATC,,II,,,,,,,,,,OpenSea,TTGGCAGCCAGGAGGGCAAAATGCACTGGGAGACAATTCCTTGCTGACTGTCCAGGCAGT[CG]CCAGGGGAGCAAAGGGCTCAGCAAGCTGGGGAGAGAATGAGGAAGAAGGTGGAGGGAGGA,AGGGCAAAATGCACTGGGAGACAATTCCTTGCTGACTGTCCAGGCAGTCG,,True,IL18;IL18,NM_001562;NM_001562,5'UTR;1stExon,low-CpG:111540000-111540056,,,,,,
cg08987892,chr12,56109767,+,cg08987892,14608458,,CACRTAAAATTAAAAACCRCCCTCTTAAAACCTTAAATAAAAATCTTAAC,,II,,,rs4457792,0.131236,,,,,chr12:56109798-56110298,N_Shore,AACTAAGCTCCCAATAAAGAACACTTCACCTGCCCTCCGCAACCCTCTACCTCTCTTCCC[CG]CCAAGATCTTCACCCAAGGTCTCAAGAGGGCGGTTCCCAACCTCACGTGACACAGCGGTC,ACGTGAGGTTGGGAACCGCCCTCTTGAGACCTTGGGTGAAGATCTTGGCG,,,BLOC1S1,NM_001487,TSS200,,,,,12:56109187-56110752,Promoter_Associated,
cg25749165,chr10,75634242,-,cg25749165,68606495,35746476.0,CAAATACAAATAACAATAATAACCATACTAACAAACAAACAAACACAACA,CGAATACAAATAACGATAATAACCATACTAACGAACGAACGAACGCGACG,I,A,Red,,,,,,,chr10:75633600-75634796,Island,TCGTCGGTGAAACGGGTGCAGGTGGCGGTGGTGGCCATGCTGGCGGGCGGGCGGACGCGG[CG]GTGCAGCCCGCGCCGACGTCGGTGCACAGTCACCGCCGCCCGGCCGAGGGAGCAAGAGGA,CGCCGCGTCCGCCCGCCCGCCAGCATGGCCACCACCGCCACCTGCACCCG,,,CAMK2G;CAMK2G;CAMK2G;CAMK2G;CAMK2G;CAMK2G;CAMK2G;CAMK2G;CAMK2G;CAMK2G,NM_001222;NM_172169;NM_172170;NM_172171;NM_172171;NM_172170;NM_172173;NM_172169;NM_172173;NM_001222,5'UTR;5'UTR;1stExon;5'UTR;1stExon;5'UTR;1stExon;1stExon;5'UTR;1stExon,high-CpG:75304245-75304426,,,10:75303443-75304735,10:75634083-75634498,Promoter_Associated,
